{
  "servicos": [
    {
      "id": "dev_web",
      "categoria": "Desenvolvimento",
      "nome": "Desenvolvimento Web",
      "descricao": "Sistemas web personalizados e sites institucionais responsivos.",
      "preco": 3500.00,
      "icone": "developer_mode_tv"
    },
    {
      "id": "trafego_pago",
      "categoria": "Marketing",
      "nome": "Tráfego Pago",
      "descricao": "Gestão estratégica de anúncios Google e Meta Ads para conversão.",
      "preco": 1500.00,
      "icone": "query_stats"
    },
    {
      "id": "consultoria_tec",
      "categoria": "Sistemas",
      "nome": "Consultoria Técnica",
      "descricao": "Análise de sistemas e arquitetura de banco de dados.",
      "preco": 1000.00,
      "icone": "terminal"
    },
    {
      "id": "pdf_misterioso",
      "categoria": "Infoproduto",
      "nome": "PDF Misterioso",
      "descricao": "Guia completo de automação e integração digital.",
      "preco": 2.00,
      "icone": "picture_as_pdf"
    }
  ]
}
