{
  "nomeLoja": "Barraca do programador Aristidesbp",
  "descricaoLoja": "Empresa de marketing digital, Desenvolvimento web, tráfego pago e orgânico",
  "palavrasChave": "Tráfego pago, tráfego orgânico, desenvolvedor full steck, Aristides Barbosa Pontes, sites, desenvolvimento web, marketing para loja",
  "ogImage": "img/ovo.jpg",
  "headerImage": "img/ovo.jpg",
  "subtituloHeader": "Aristides Barbosa Pontes desenvolvedor full steck",
  "corFundo": "#000000",
  "corHeader": "#0000ff",
  "telefoneWhatsApp": "91992420981"
}