[{"nome":"suco de abacaxi","categoria":"bebidas","descricao":"suco da fruta","preco":11,"imagem":"assets/img/suco.jpg"},{"nome":"coca cola","categoria":"bebidas","descricao":"refrigerante sabor cola","preco":7,"imagem":"assets/img/coca.jpg"},{"nome":"tapioca  de ovo","categoria":"lanches","descricao":"tapioca co ovo temperado","preco":10,"imagem":"assets/img/ovo.jpg"},{"nome":"tapioca  de banana","categoria":"lanches","descricao":"banana com doce de leite","preco":17,"imagem":"assets/img/banana.jpg"},{"nome":"tapioca  de morango","categoria":"lanches","descricao":"morango e nutela","preco":20,"imagem":"assets/img/morango.jpg"}]